Company,File,FileYear,FilenameYears,Pages,Title,YearsInFirstPages,FirstText,SizeBytes,ValidPdf,Error
ABT,ABT\ABT_ESG_2022.pdf,2022,2022,146,Abbott Sustainability Report 2022,2022;2030,"GLOBAL SUSTAINABILITY REPORT 2022 Sustainability is about operating responsibly to deliver long-term impact. At Abbott, we’re strengthening the resilience of our company so we can continue to shape the future of healthcare — to help more people live better, healthier lives. In this report, we detail our progress against the goals of our 2030 Sustainability Plan. The data presented reflects 2022 performance unless oth",49119162,True,
ABT,ABT\ABT_ESG_2023.pdf,2023,2023,126,,2023,GLOBAL SUSTAINABILITY REPORT 2023 TABLE OF CONTENTS ON THE COVER: Abbott and Abbott Fund have been working with local groups and the Tanzanian government to strengthen the healthcare system and advance access to care in Tanzania for more than 20 years. A key element of these efforts has been supporting training in emergency medicine. On the cover are some of our training program’s 2023 graduates. ABOUT About Abbott 0,9122887,True,
ABT,ABT\ABT_ESG_2024.pdf,2024,2024,98,,2024;2030,"GLOBAL SUSTAINABILITY REPORT 2024 GLOBAL SUSTAINABILITY REPORT 2024 TABLE OF CONTENTS ABOUT 04 OUR 2030 SUSTAINABILITY PLAN 05 Progress Against Our 2030 Sustainability Plan 07 INNOVATE FOR ACCESS AND AFFORDABILITY 15 Make Access and Affordability Core to New Product Innovation 16 Transform Care for Chronic Diseases, Malnutrition, and Infectious Diseases 17 Advance Health Access Through Partnerships 18 RESPONSIBLY CON",8297076,True,
AMZN,AMZN\AMZN_ESG_2022.pdf,2022,2022,82,Building a Better Future Together 2022 Amazon Sustainability Report,2022,Building a Better Future Together 2022 Amazon Sustainability Report IntroductionSustainabilityPeopleAppendix Contents Introduction 2 About Amazon 3 Opening Letter From Kara Hurst 4 Our Business 5 2022 Year in Review 6 Goals Summary Sustainability 8 Our Sustainability Approach Driving Climate Solutions 9 Carbon 22 Renewable Energy Reducing Packaging and Waste 26 Packaging 30 Waste and Circularity Protecting Natural Re,8330454,True,
AMZN,AMZN\AMZN_ESG_2023.pdf,2023,2023,98,,2023,Amazon Sustainability Report 2023 Contents Overview 3 Introduction 4 A Letter from Our Chief Sustainability Officer 5 How We Work 6 Goals Summary 7 2023 Year in Review Environment 9 Carbon 24 Carbon-Free Energy 29 Packaging 34 Waste and Circularity 40 Water Value Chain 45 Human Rights 50 Responsible Supply Chain 58 Sustainable Products and Materials 64 Supplier Diversity 67 Community Impact People 75 Employee Experie,15753155,True,
AMZN,AMZN\AMZN_ESG_2024.pdf,2024,2024,57,2024 Amazon Sustainability Report,2024,2024 Amazon Sustainability Report 2 Contents Overview 3 Introduction 4 A Letter from Our C hief Sustainability Officer 5 How We Work 6 Goals Summary 7 2024 Year in Review Progress 8 Carbon and Energy 18 Waste and Circularity 21 Packaging 24 Water 26 Biodiversity 28 Human Rights 30 Responsible Supply Chain 34 Sustainable Products 37 Employee Experience 40 Health and Safety 43 Inclusive Experiences 45 Community Impact ,7038949,True,
Apple,Apple\Apple E 2022 .pdf,2022,2022,128,,2021,Covering fiscal year 2021 Environmental Progress Report Connecting communities around the world Cover photo: We aim to reduce our emissions in ways that consider the low-income and historically marginalized communities that too often bear the brunt of the effects of climate change. We are bringing renewable electricity to 3500 households in South Africa that previously lacked access to electricity. Introduction Lette,24491515,True,
Apple,Apple\Apple E 2023.pdf,2023,2023,114,,2022;2023,Environmental Progress Report Covering fiscal year 2022 Last updated October 2023 Behind every Apple product is a plan for the future Contents Introduction 3 Letter from Lisa Jackson 4 Report highlights 5 Our environmental strategy 6 Goals Climate Change 8 Goals and progress 9 Our approach 14 Low-carbon design 17 Energy efficiency 20 Clean electricity 26 Direct emissions abatement 27 Carbon removal Resources 32 Goals,15806770,True,
Apple,Apple\Apple E 2024.pdf,2024,2024,113,2024 Environmental Progress Report,2023;2030,Environmental Progress Report Covering fiscal year 2023 Contents Environmental Initiatives Apple 2030 11 Journey to Apple 2030 12 Approach 15 Design and materials 24 Electricity 32 Direct emissions 35 Carbon removal Resources 39 Approach 40 Product longevity 45 Material recovery 48 Water 52 Zero waste Smarter Chemistry 58 Approach 59 Mapping 61 Assessment 63 Innovation Introduction 3 Reflections from Lisa Jackson 4 R,30779579,True,
Apple,Apple\Apple E 2025.pdf,2025,2025,126,Apple 2025 Environmental Progress Report,2024;2030,Covering fiscal year 2024 Environmental Progress Report Contents Introduction 3 Reflections from Lisa Jackson 4 Report highlights 5 Goals and progress Environmental Initiatives Apple 2030 9 Apple 2030 journey 10 Approach 13 Design and materials 22 Electricity 30 Direct GHG emissions 34 Carbon removal Resources 38 Approach 39 Product longevity 44 Material recovery 48 Water 53 Zero waste Smarter Chemistry 59 Approach 6,22928608,True,
Apple,Apple\Apple E 2026.pdf,2026,2026,113,Apple 2026 Environmental Progress Report,2025;2030,COVERING FISCAL YEAR 2025 Environmental Progress Report Contents Environmental initiatives Apple 2030 9 Approach 12 Design and materials 21 Electricity 31 Direct GHG emissions 34 Nature and carbon Resources 39 Approach 41 Product longevity 46 Material recovery 51 Water 56 Zero waste Smarter chemistry 61 Approach 63 Mapping 65 Assessment 67 Innovation Introduction 3 Reflections 4 Report highlights 5 Goals and progress,23549534,True,
Apple,Apple\Apple G 2022 .pdf,2022,2022,139,printmgr file,2054,"UNITED STATES SECURITIES AND EXCHANGE COMMISSION Washington, D.C. 20549 SCHEDULE 14A Proxy Statement Pursuant to Section 14(a) of the Securities Exchange Act of 1934 (Amendment No. ) Filed by the Registrant x Filed by a party other than the Registrant Check the appropriate box: Preliminary Proxy Statement Confidential, for Use of the Commission Only (as permitted by Rule 14a-6(e)(2)) x Definitive Proxy Statement Defi",754563,True,
Apple,Apple\Apple G 2023.pdf,2023,2023,113,Apple_2023_Proxy_Statement__HD (4).pdf,2054,"UNITED ST A TES SECURITIES AND EXCHANGE COMMISSION Washington, DC 20549 SCHEDULE 14A PROXY ST A TEMENT PURSUANT TO SECTION 14(a) OF THE SECURITIES EXCHANGE ACT OF 1934 (Amendment No. ) Filed by the Registrant Filed by a Party other than the Registrant Check the appropriate box: Preliminary Proxy Statement Confidential, for Use of the Commission Only (as permitted by Rule 14a-6(e)(2)) Definitive Proxy Statement Defini",818463,True,
Apple,Apple\Apple G 2024.pdf,2024,2024,116,HD-export,2024,Notice of 2024 Annual Meeting of Shareholders and Proxy Statement Apple Inc.,2162264,True,
Apple,Apple\Apple G 2025.pdf,2025,2025,108,434032-PDF_EXPORT_LD-5978d74c-63dc-4306-b788-876312c57bfd.pdf,2025,g Apple Inc. Notice of 2025 Annual Meeting of Shareholders and Proxy Statement,3803303,True,
Apple,Apple\Apple G 2026.pdf,2026,2026,106,AAPL_DEF 14A_2026_WO139_EDGAR_00_Courtesy PDF 3.pdf,2026,Notice of 2026 Annual Meeting of Shareholders and Proxy Statement Apple Inc.,2376475,True,
Apple,Apple\Apple S 2022.pdf,2022,2022,103,,2022,"2022 Annual Progress Report People and Environment in Our Supply Chain Tim Cook CEO “At Apple, we are constantly innovating in the technology we make and in how we make it — with respect for people’s rights, for their health, and for the planet we share.”",22264131,True,
Apple,Apple\Apple S 2023.pdf,2023,2023,97,People and Environment in Our Supply Chain,2023,2023 年進度報告 我們供應鏈中的 人員與環境 2 Tim Cook | 執行長 「我們認為世界上 最出色的產品應該是 對 世 界 最 有 益 的 產 品。」,29467459,True,
Apple,Apple\Apple S 2024.pdf,2024,2024,62,People and Environment in Our Supply Chain,2024,2024 ANNUAL PROGRESS REPORT People and Environment in Our Supply Chain 2 Tim Cook | CEO “We think that the best products in the world ought to be the best products for the world.”,15570797,True,
Apple,Apple\Apple S 2025.pdf,2025,2025,57,People and Environment in Our Supply Chain,2025,"2025 Annual Progress Report People and Environment in Our Supply Chain Material recovery, United States Materials recovered by Daisy, Apple’s iPhone disassembly robot, United States Aluminum recycling, China mainland iPad assembly, Vietnam Apple Watch assembly, Vietnam Vocational Education for Persons with Disabilities, China mainland Robotics training, India Component manufacturing, China mainlandLogistics and repai",15179965,True,
Apple,Apple\Apple S 2026.pdf,2026,2026,25,People and Environment in Our Supply Chain,2026,"People and Environment in Our Supply Chain 2026 Annual Update Apple Watch assembly, China mainland Logistics and product repair, United Arab Emirates Component manufacturing, Vietnam Mac mini assembly, China mainland Semiconductor manufacturing, United States Glass manufacturing, United States iMac assembly, Ireland Semiconductor manufacturing, United States iPhone assembly, India Packaging manufacturing, Vietnam Mob",14683387,True,
BAC,BAC\BAC_ESG_2022.pdf,2022,2022,63,Task Force on Climate-Related Financial Disclosures Report,,Task Force on Climate-related Financial Disclosures (TCFD) Report Managing our Future Bank of America’s Task Force on Climate- related Financial Disclosures (TCFD) Report Cautionary Information and Forward-Looking Statements 2 Letter from the CEO 3 Introduction 4 Governance 7 Board of Directors Oversight 7 Management Oversight 7 Enterprise Functional Teams 8 Global Coverage 9 Performance and Remuneration 10 Stakehold,3807812,True,
BAC,BAC\BAC_ESG_2023.pdf,2023,2023,73,Managing our Transition to a Sustainable Future,2023,Managing our Transition to a Sustainable Future 2023 Task Force on Climate-related Financial Disclosures (TCFD) Report TABLE OF CONTENTS CAUTIONARY INFORMATION AND FORWARD-LOOKING STATEMENTS 3 . . . . . . . . . . . . . . . . . . . . . . MESSAGE FROM THE CEO 4 . . . . . . . . . . . . . . . . . . . . . . . . . . . . . . . . . . . . . . . . . . . . . . . . . . . . . . . . . . . . INTRODUCTION 5 . . . . . . . . . . . . .,8195832,True,
BAC,BAC\BAC_ESG_2024.pdf,2024,2024,124,2024 Sustainability at Bank of America,2024,"Sustainability at Bank of America Published on September 30, 2024 Table of Contents 2 MESSAGE FROM THE CEO ................................................................................... 4 INTRODUCTION ................................................................................................... 5 Our Company and Eight Lines of Business ....................................................... 6 Environmental ",19642013,True,
BAC,BAC\BAC_ESG_2025.pdf,2025,2025,62,2025 Sustainability Report,2025,"SUSTAINABILITY AT BANK OF AMERICA Published December 18, 2025 CAUTIONARY INFORMATION............................................................................................ 3 MESSAGE FROM THE CEO................................................................................................. 4 SUSTAINABILITY APPROACH ........................................................................................... 5 Our",14295029,True,
COST,COST\COST_ESG_2022.pdf,2022,2022,176,Sustainability Commitment - Compiled Version,2022,"Sustainability Commitment 2022 People & Communities Managing Water Inclusion Our Water management Systems Our STAR ProgramOur Goals New Approaches in LandscapingDiversity at Costco Employee Development Wastewater & stormwater Plans Water Savings in Our Chicken PlantEmployee Development Goals Car WashesPay & Beneﬁts Minimizing WasteWorkforce Tenure & Development Diverting Waste from LandﬁllCulture, Ethics & Open Door ",63073767,True,
COST,COST\COST_ESG_2023.pdf,2023,2023,162,2023 Consolidated Commitment,2023,"Sustainability Commitment 2023 2023 Highlights People & Communities Inclusion Our Goals for an Inclusive Workplace Diversity at Costco Employee Development Employee Development Goals Pay & Beneﬁts Workforce Tenure & Development Culture, Ethics & Open Door Communities Our Approach Charitable Contributions Community Investment Food Donations & Food Security Employee Volunteering Health Care in the Community Supplier Di",55109761,True,
COST,COST\COST_ESG_2024.pdf,2024,2024,185,,2024,"Sustainability Commitment 2024 2024 Highlights People & Communities Inclusion Our Goals for an Inclusive Workplace Diversity at Costco Employee Development Employee Development Goals Pay & Beneﬁts Workforce Tenure & Development Culture, Ethics & Open Door Communities Our Approach Charitable Contributions Community Investment Food Donations & Food Security Non Food Donations Employee Volunteering Health Care in the Co",46938811,True,
COST,COST\COST_ESG_2025.pdf,2025,2025,86,,2025,"2025 Annual Sustainability Report 2 Overview People Climate Biodiversity and Nature KPIs and Metrics AppendixResource Management Costco 2025 Sustainability Report Sales growth YOY (USD) +8% YoY Our Mission Continually provide our members with quality goods and services at the lowest possible prices. Number of countries and regions 14 Number of employees globally 341,000 Number of members globally 145.2 million Net sa",11576743,True,
CVX,CVX\CVX_ESG_2022.pdf,2022,2022,84,2022 Corporate Sustainability Report,2022,"enabling human progress 2022 corporate sustainability report delivering the future of energy Over 140 years of industry leadership has given us a deep understanding of the need to stay focused on what matters most – afordable, reliable, ever-cleaner energy that enables human progress. At Chevron, our strategy is to leverage our strengths to safely deliver lower carbon energy to a growing world. We intend to provide l",7674661,True,
CVX,CVX\CVX_ESG_2023.pdf,2023,2023,62,2023 Corporate Sustainability Report,2023,"2023 corporate sustainability report Energy for a growing world Photo: Chevron’s Rockies business unit is the largest oil and natural gas producer in Colorado. We’re working to deliver energy responsibly with next-gen tankless facilities that, compared with older designs, reduce more than 90% of greenhouse gas emissions from our Colorado operations.",8055013,True,
CVX,CVX\CVX_ESG_2024.pdf,2024,2024,32,2024 Corporate Sustainability Highlights,2024;2025,2024 corporate sustainability highlights 1 Chevron 2024 Corporate Sustainability Highlights (May 2025) 2024 highlights overview .................................................................................2 lower carbon .........................................................................3 environment ..........................................................................4 safety ..........................,5578385,True,
ENPH,ENPH\ENPH_ESG_2022.pdf,2022,2022,96,,2022,"Environmental, Social, and Governance Report 2022 Enphase Energy, Inc. 2 Environmental, Social, and Governance Report 2022 Enphase Energy, Inc.",23104223,True,
ENPH,ENPH\ENPH_ESG_2023.pdf,2023,2023,102,,2023,"ENVIRONMENTAL, SOCIAL, AND GOVERNANCE REPORT 2023 1 Environmental Social and Governance Report 2023 Enphase Energy, Inc. 2 Environmental Social and Governance Report 2023 Enphase Energy, Inc.",15903413,True,
ENPH,ENPH\ENPH_ESG_2024.pdf,2024,2024,39,,2024,"SUSTAINABILITY REPORT 2024 1 Sustainability Report 2024 Enphase Energy, Inc. SUSTAINABILITY REPORT 2024 32 Sustainability Report 2024 Enphase Energy, Inc. Contents A letter from our President and CEO Enphase in numbers Our purpose Our core values Enphase culture playbook Our technology Financial sustainability E1. Our approach E2. Clean ener gy production E3. Energy and emissions E4. Product quality E5. Responsible s",5116324,True,
GOOGL,GOOGL\GOOGL_ESG_2022.pdf,2022,2022,17,Google Environmental Report 2022,2021;2022,"Environmental Report 2022 Table of contents 1 About this report 2 Our approach 5 Performance highlights 8 Progress against targets 11 Environmental data 14 Appendix Endnotes Glossary About this report Google’s 2022 Environmental Report features data, performance highlights, and progress against our targets from our 2021 fiscal year (January 1 to December 31, 2021). It also mentions notable targets set in 2022. This r",1981241,True,
GOOGL,GOOGL\GOOGL_ESG_2023.pdf,2023,2023,104,2023 Environmental Report,2022;2023,"Environmental Report 2023 What’s inside About this report Google’s 2023 Environmental Report provides an overview of our environmental sustainability strategy and targets and our annual progress towards them. 1 This report features data, performance highlights, and progress against our targets from our 2022 fiscal year (January 1 to December 31, 2022). It also mentions some notable achievements from the first half of",13666218,True,
GOOGL,GOOGL\GOOGL_ESG_2024.pdf,2024,2024,86,Google 2024 Environmental Report - Google Sustainability,2023;2024,"Environmental Report 2024 12 1 What’s inside About this report Google’s 2024 Environmental Report provides an overview of our environmental sustainability strategy, our targets, and our annual progress toward them. Throughout this report, we use the term “sustainability” to refer to environmental sustainability. This report features data, performance highlights, and progress against our targets from our 2023 fiscal y",14845245,True,
GOOGL,GOOGL\GOOGL_ESG_2025.pdf,2025,2025,120,Google 2025 Environmental Report - Google Sustainability,2024;2025,"Environmental Report 2025 Contents 4 Introduction 4 Foreword 7 2024 highlights 9 G lobal challenges and dependencies 10 Age of AI 12 Powering prosperity: The economic upside of AI and the energy required to power it 13 Optimal scenario: AI’s net-positive potential 14 AI efficiency gains: Improvements across models, TPUs, and infrastructure 16 Piece of the puzzle: Situating AI in our overall electricity growth 17 Ener",19452765,True,
GS,GS\GS_ESG_2022.pdf,2022,2022,124,,2022,"Navigating Complexity A Client-Centric Approach to Sustainability Goldman Sachs 2022 Sustainability Report How we balance short-term needs with long-term ambitions. How we help address challenges, close gaps and unlock opportunities to advance climate transition and drive inclusive growth. It’s how we manage risk and create value for our clients, our firm, our shareholders and other stakeholders, moving forward. In h",14901112,True,
GS,GS\GS_ESG_2023.pdf,2023,2023,97,Goldman Sachs 2023 Sustainability Report,2023,GOLDMAN SACHS 2023 SUSTAINABILITY REPORT Driving Long-Term Value: Our Client-Centric Sustainability Strategy GOLDMAN SACHS 2023 SUSTAINABILITY REPORT 3 Contents Letter From Our Chairman and CEO 5 Introduction 6 About Goldman Sachs 7 Historical Sustainability Milestones at Goldman Sachs 9 Our Sustainable Finance Strategy 14 Our Sustainable Finance Framework and Sustainable Finance Commitment 16 Thematic Opportunities ,8693380,True,
GS,GS\GS_ESG_2024_AWM_TCFD.pdf,2024,2024,67,Task Force On Climate-Related Financial Disclosures 2024,2024,Task Force on Climate-Related Financial Disclosures Asset & Wealth Management TCFD Report 2024 Table of Contents 3. Section 1: Introduction 4 Introduction from Our Global Head of Asset & Wealth Management 5 About Asset & Wealth Management 6 Commentary on This Report 7 Definition of Climate-Related Risks 7 Compliance Statements 8. Section 2: Executive Summary 9 Report Structure 11. Section 3: Governance 12 Governance ,73608816,True,
GS,GS\GS_ESG_2025.pdf,2025,2025,57,,2025,Goldman Sachs Sustainability Report Delivering Market-Based Solutions for Our Clients DECEMBER 2025 Table of Contents 3 Letter From Our Chairman and CEO 4 About Goldman Sachs and This Report 5 Historical Sustainability Timeline 6 Our Approach to Sustainable Finance 7 Our Approach to Sustainable Finance 8 Our Sustainable Finance Activity 10 Delivering Market-Based Solutions for Our Clients 14 Areas of Opportunity for ,14253744,True,
JNJ,JNJ\JNJ_ESG_2022.pdf,2022,2022,114,2022 Health for Humanity Report,2022,"2022 Health for Humanity Report Scientist Jan G. is shown working in Johnson & Johnson’s molecule library, which stores more than 1.7 million unique compounds. Our scientists can access this library to order compounds for R&D activities at Johnson & Johnson. Photo by Frederik Beyens. 2022 Health for Humanity Report 2 2 Diverse Surgeon Initiative 2.0 participants Ryan Randle, M.D., and Michelle Salazar, M.D., M.H.Sc.,",58685368,True,
JNJ,JNJ\JNJ_ESG_2023.pdf,2023,2023,72,,2023,"2023 Health for Humanity Report The Health Care Company Arti Gajanan Modshe, a student in the Indian Red Cross Society Auxiliary Nurses and Midwives (ANM) Training Program, supported by the Johnson & Johnson Foundation, puts her training to work in a home visit in rural India Our approach Scientists at work at a J&J Innovative Medicine laboratory in China",80736114,True,
JNJ,JNJ\JNJ_ESG_2024.pdf,2024,2024,55,,2024,"2024 Health for Humanity Report A Johnson & Johnson associate works with a mini-bioreactor. 2 2024 Health for Humanity Report Contents AI Artificial intelligence CHW Community health worker ESG Environmental, social and governance FDA U.S. Food and Drug Administration GHG Greenhouse gas or gases HCP Healthcare professional LMICs Low- and middle-income countries WHO World Health Organization Please find below a glossa",22280328,True,
JPM,JPM\JPM_ESG_2022.pdf,2022,2022,74,2022 Environmental Social Governance Report,2022,2022 Environmental Social Governance Report Contents Introduction 1 Message from Our Chairman 2 Company at a Glance 3 Our Approach to ESG 5 Feat ure: $2.5T Sustainable Development Target 6 Environment 11 Our Approach to Environmental Sustainability 12 Scaling Green Solutions 13 Meeting Needs Responsibly 17 Minimizing Our Operational Impact 18 So cial 24 Fe ature: Our Racial Equity Commitment 25 Inclusive Growth 30 Di,7474626,True,
JPM,JPM\JPM_ESG_2023.pdf,2023,2023,88,2023 Environmental Social Governance Report,2023,"2023 Environmental Social Governance Report We believe in free enterprise. Notes A NOTE ON OUR BUSINESS We don’t “boycott.” A NOTE ON OUR TARGETS JPMorgan Chase & Co. provides fnancial services for individuals and industries across geographies — regardless of political, social or religious viewpoints. We deal in facts and don’t describe our policies, procedures or progress diferently based on who’s asking. Our ambiti",7143472,True,
JPM,JPM\JPM_ESG_2024.pdf,2024,2024,66,2024 Sustainability Report,2024,"Sustainability Report 2024 Governance 42 Oversight and management of Environmental, Social and Governance related matters 43 Business ethics 44 Accountability, transparency and engagement 46 Risk management 49 Managing climate risks 50 Managing nature and social risks 57 Managing financial crime and corruption risks 58 Cybersecurity and data privacy 58 Appendices 60 Restricted activities, and client activities and lo",9382251,True,
MS,MS\MS_ESG_2022.pdf,2022,2022,115,,2022,"2022 ESG Report: Diversity & Inclusion, Climate, and Sustainability 3 From Our CEO 4 Introduction 5 Our Business 6 About This Report 7 Approach to ESG 8 ESG Governance 11 2022 ESG Highlights 13 People and Culture 14 Our Culture 16 Benefits and Wellbeing 18 Our Compensation Practices 20 Supporting Communities Where We Live and Work 23 Diversity and Inclusion 24 Leadership Statement and D&I Strategy 26 Workforce 32 Soc",15179911,True,
MS,MS\MS_ESG_2023.pdf,2023,2023,93,,2023,2023 ESG Report TABLE OF CONTENTS 3 From Our CEO 4 Introduction 4 Our Business 5 About This Report 6 Our Approach to ESG 7 2023 ESG Highlights 8 Sustainable Finance 8 Sustainable Finance Target 11 Institutional Securities 15 Wealth Management 20 Investment Management 24 Community Development Finance 26 Inclusive Ventures Lab 27 Institute for Sustainable Investing 28 Human Capital 28 Introduction 29 Building Our Workf,9589979,True,
MS,MS\MS_ESG_2024.pdf,2024,2024,68,,2024,2024 Sustainability Report TABLE OF CONTENTS 3 Introduction 3 Our Business 4 About This Report 5 The Integrated Firm 6 Our Approach to Sustainability 8 2024 Sustainability Highlights 9 Sustainable Finance 9 Sustainable Finance Target 13 Institutional Securities 16 Wealth Management 19 Investment Management 21 Our Workforce 22 Building Our Workforce 22 Developing Our Workforce 22 Investing in Our Workforce 23 Climate ,11649323,True,
MSFT,MSFT\MSFT_ESG_2022.pdf,2022,2022,81,2022 Environmental Sustainability Report,2022,"2022 Environmental Sustainability Report Enabling sustainability for our company, our customers, and the world Color Palette Names are TBC Contents Overview Foreword 4 2022 progress 7 How we work 8 About this report 9 Microsoft sustainability Carbon Our approach 11 Reducing Scope 1 and 2 emissions 15 Reducing Scope 3 emissions 17 Transitioning to carbon-free energy 20 Removing carbon 22 Key trends and what’s next 24 ",17917999,True,
MSFT,MSFT\MSFT_ESG_2023.pdf,2023,2023,23,2024 Environmental Sustainability Report Data Fact Sheet,2023;2024,"How can we advance sustainability? 2024 Environmental Sustainability Report Data Fact Sheet Reporting on our 2023 fiscal year Environmental Data Fact Sheet 2024 02 Our environmental data As part of Microsoft’s commitment to disclose information about our environmental footprint, the following sections are a compilation of environmental metrics across greenhouse gas (GHG) emissions, energy, water, waste and circularit",1983746,True,
MSFT,MSFT\MSFT_ESG_2024.pdf,2024,2024,88,2024 Environmental Sustainability Report,2023;2024,"How can we advance sustainability? 2024 Environmental Sustainability Report Reporting on our 2023 fiscal year Overview Microsoft sustainability Customer sustainability Global sustainability Appendix 02 In this report Overview Foreword 04 2023 highlights 07 How we work 08 Cover captured by: Finnian Power Regional CE Program Manager, Ireland Microsoft sustainability Carbon Waste Our approach 10 Our approach 35 Improvin",20024685,True,
MSFT,MSFT\MSFT_ESG_2025.pdf,2025,2025,90,2025 Microsoft Environmental Sustainability Report,2024;2025;2030,"2025 Environmental Sustainability Report Accelerating progress to 2030 Reporting on our 2024 fiscal year Overview Microsoft sustainability Carbon Water Waste Ecosystems Customer sustainability Global sustainability Appendix 2025 Environmental Sustainability Report 2 In this report This year, we reflect on our progress towards our ambitious 2030 goals: to be carbon negative, water positive, and zero waste, while prote",20773620,True,
NEE,NEE\NEE_ESG_2022.pdf,2022,2022,74,,2022,"ENVIRONMENTAL, SOCIAL AND GOVERNANCE REPORT 2022 2 CONTENTS Vision and strategy: A letter from our chairman, president and CEO ..................3 NextEra Energy’s blueprint to reach Real Zero™ ................5 About this report ..................................................................8 Confronting climate change ................................................9 NextEra Energy’s environmental, social and go",10062562,True,
NEE,NEE\NEE_ESG_2023.pdf,2023,2023,71,,2023,Sustainability Report 2023 3 A letter from our chairman and CEO 5 About this report 7 NextEra Energy: a clean energy leader » Company snapshot » Our companies » Our portfolio » Our clean energy journey » Our commitment to our Real Zero goal » Our emerging clean technologies » Our transmission infrastructure investments 14 Environmental stewardship » Managing and mitigating environmental risk » Reducing our carbon emi,23330843,True,
NEE,NEE\NEE_ESG_2024.pdf,2024,2024,72,,2023;2024,"Sustainability Report 2024 45 Risks and opportunities » Storms, floods and other natural disasters » Emergency preparedness » Nuclear safety » Cybersecurity 52 Awards and recognitions » 2024 » 2023 54 Conclusion 56 Appendix A » Sustainability Accounting Standards Board Metrics 61 Appendix B » Task Force on Climate-Related Financial Disclosures 64 Appendix C » Edison Electric Institute ESG/Sustainability Quantitative ",12160970,True,
NEE,NEE\NEE_ESG_2025_2024_Emissions_Data_Assurance.pdf,2025,2025;2024,5,Microsoft Word - NextEra CY2024_Verification Opinion_v1-TR,2024,"DCN 575_Version 2.0 6.12.23 1 NextEra Energy, Inc CY2024 GHG Inventory - Verification Opinion Verification Opinion NextEra Energy, Inc CY2024 GHG Inventory Background Cameron-Cole, LLC (Cameron-Cole) was retained by NextEra Energy, Inc (NextEra) to perform an independent verification of its Greenhouse Gas (GHG) Emissions Inventory (GHG Statement) for Calendar Year (CY) 2024 and NextEra GHG emissions rate (lbs of CO2 ",434049,True,
NEE,NEE\NEE_ESG_2025_CDP_Section_7.pdf,2025,2025,50,,2025;2026,"04/10/2026, 01:50 pm NextEra Energy, Inc. 2025 CDP Corporate Questionnaire 2025 Word version Important: this export excludes unanswered questions This document is an export of your organization’s CDP questionnaire response. It contains all data points for questions that are answered or in progress. There may be questions or data points that you have been requested to provide, which are missing from this document beca",329148,True,
NEE,NEE\NEE_ESG_2025_Data_Appendix.pdf,2025,2025,12,,2023;2024,"Appendix Appendix A Sustainability Accounting Standards Board (SASB) Metrics SASB topic SASB accounting metric 2023 2024 Comments Greenhouse gas emissions and energy resource planning 1. Gross global scope 1 emissions 2. Percentage covered under emissions- limiting regulations 3. Percentage covered under emissions- reporting regulations 1. 41,323,533 metric tons carbon dioxide equivalent (CO 2e) 2. 0.21% 3. 100% 1. 4",334233,True,
NEE,NEE\NEE_ESG_2025_Employees_Customers_and_Communities.pdf,2025,2025,4,,,"Sustainability Resource: Employees, Customers and Communities NextEra Energy recognizes that the company’s success is connected to the strength of the company’s relationships with its employees, its customers and the communities it serves. NextEra Energy’s commitment to fostering a workplace that attracts and retains exceptional talent, coupled with its dedication to supporting the economic and social well-being of l",102197,True,
NEE,NEE\NEE_ESG_2025_Environmental_Stewardship.pdf,2025,2025,3,,,"Sustainability Resource: Environmental Stewardship NextEra Energy delivers reliable, low-cost energy that meets the needs of the customers and communities it serves, while safeguarding natural resources and acting as responsible stewards of the environment. To that end, NextEra Energy employees integrate environmental stewardship into daily operations, from deploying advanced environmental monitoring systems to devel",98585,True,
NEE,NEE\NEE_ESG_2025_Governance.pdf,2025,2025,3,,,"Sustainability Resource: Governance NextEra Energy has a proven track record of delivering strong financial and operational performance—it’s built on a foundation of sound corporate governance and oversight. The company’s board of directors is led by the executive chairman with support from an independent lead director. The board has a broad range of skills, industry knowledge and specialized experience. Together, th",88744,True,
NEE,NEE\NEE_ESG_2025_Risk_Management.pdf,2025,2025,4,,,Sustainability Resource: Risk Management NextEra Energy (the “company”) is committed to safeguarding power networks and information from intrusions that could cause harm to the company’s customers or operations. NextEra Energy’s enterprise risk management team provides oversight and support for the company’s risk management activities and supports the corporate risk committee. The committee consists of officers and k,99282,True,
NVDA,NVDA\NVDA_ESG_2022.pdf,2022,2022,69,NVIDIA 2022 Corporate Responsibility Report,2022,"2022 NVIDIA CORPORATION CORPORATE RESPONSIBILITY REPORT 2022 NVIDIA CORPORATE RESPONSIBILITY REPORT 1 01 MESSAGE FROM OUR CEO 2 02 CORPORATE RESPONSIBILITY OVERVIEW 5 03 STAKEHOLDER ENGAGEMENT 7 04 OUR PEOPLE, DIVERSITY AND INCLUSION 11 05 INNOVATION AND BUSINESS MODEL 24 06 CYBERSECURITY AND DATA PRIVACY 33 07 SUPPLY CHAIN MANAGEMENT 35 08 SOCIETAL IMPACTS OF AI 41 09 ENVIRONMENTAL INITIATIVES AND PARTNERSHIPS 46 10",2337681,True,
NVDA,NVDA\NVDA_ESG_2023.pdf,2023,2023,59,NVIDIA Corporate Responsibility Report Fiscal Year 2023,2023,"NVIDIA Corporate Responsibility Report Fiscal Year 2023 Table of Contents Message From Our CEO Introduction About NVIDIA 05 Our Code and Values 06 Corporate Responsibility Management 08 Stakeholder Engagement 09 Business Practices Business Continuity 11 Human Rights 11 Cybersecurity 13 Data Privacy 13 Product Security 14 Product Quality and Safety 14 Customer Relations 15 Trade Issues 15 People, Diversity and Inclusi",7801470,True,
NVDA,NVDA\NVDA_ESG_2024.pdf,2024,2024,41,NVIDIA Sustainability Report Fiscal Year 2024,2024,"NVIDIA Sustainability Report Fiscal Year 2024 Table of Contents Message From Our CEO Introduction FY24 Highlights 06 About NVIDIA 07 Sustainability Governance 07 Societal Impact 08 Climate and Efficiency Product Energy Efficiency 10 Greenhouse Gas Emissions 11 Energy and Environment 12 People, Diversity and Inclusion Recruitment 14 Benefits and Compensation 15 Pay and Promotion 15 Engagement and Retention 16 Learning",4639165,True,
NVDA,NVDA\NVDA_ESG_2025.pdf,2025,2025,40,NVIDIA Sustainability Report Fiscal Year 2025,2025,"NVIDIA Sustainability Report Fiscal Year 2025 Table of Contents Message From Our CEO Introduction FY25 Highlights 06 About NVIDIA 07 Sustainability Governance 08 Our Impact 08 Energy, Efficiency, and Climate Product Energy Efficiency 10 Greenhouse Gas Emissions 11 Energy and Environment 12 People, Diversity, and Inclusion Recruitment 14 Benefits and Compensation 15 Pay and Promotion 15 Engagement and Retention 16 Lea",5443021,True,
PFE,PFE\PFE_ESG_2022.pdf,2022,2022,83,,2022,"Environmental, Social & Governance Report Pfizer 2022 Pfizer 2022 ESG Report 2 In This Report Introduction A Letter from our Chairman & CEO A Letter from Our Lead Independent Director 2022 Progress and Highlights Our Approach to ESG Priority ESG Issues Impact Stories Tackling the Health Equity Gap Together Keeping Patients at the Center of Everything We Do Environment Climate Change Sustainable Medicines Social Innov",10637557,True,
PFE,PFE\PFE_ESG_2023.pdf,2023,2023,42,,2023,"Pfizer 2023 Impact Report Introduction Governance SocialEnvironment AppendixESG Performance Measuring and reporting our ESG performance is key to understanding the impact of our operations, driving continuous improvement, and maintaining a transparent dialogue with our stakeholders. We are committed to improving our ESG performance because it is crucial to our long- term success as a responsible business and is essen",1252055,True,
PFE,PFE\PFE_ESG_2024.pdf,2024,2024,82,2024 Impact Report,2024,2024 Impact Report Introduction Principles Planet People Appendix Table of Contents Introduction A Letter from Our Chairman & CEO 4 A Message from Our Lead Independent Director 5 Who We Are 6 Our Approach to Responsible Business Growth 7 Our Stakeholders 8 2024 Highlights 9 Spotlight Stories 10 Principles Governance 14 Board of Directors and Board Committees 14 Board Leadership Structure 15 Board Composition and Inde,6107644,True,
PG,PG\PG_ESG_2022.pdf,2022,2022,42,2022_Citizenship_Report,2022,"2022 CITIZENSHIP REPORT INTRODUCTIONINTRODUCTION COMMUNITY IMPACT EQUALITY & INCLUSION ENVIRONMENTAL SUSTAINABILITY ETHICS & CORPORATE RESPONSIBILITY RECOGNITIONS & AWARDS DELIVERING FOR ALL OUR STAKEHOLDERS DEAR STAKEHOLDERS, We have been talking about the importance of balance for some time in the context of needing to deliver balanced growth and value creation. While that will always be an imperative, the world ne",21022461,True,
PG,PG\PG_ESG_2023.pdf,2023,2023,83,2023 Citizenship Report,2022;2023,"2023 CITIZENSHIP REPORT The information in this report covers the period of July 1, 2022 to June 30, 2023. Jon R. Moeller Chairman of the Board, President and Chief Executive Officer Delivering For All Our Stakeholders P&G’s objective is to deliver balanced top- and bottom-line growth while serving the needs of all stakeholders – consumers, customers, employees, society and shareowners. We take an integrated approach",34456471,True,
PG,PG\PG_ESG_2024.pdf,2024,2024,19,,2023;2024,"The information in this report covers the period of July 1, 2023 to June 30, 2024. Citizenship Summary Fiscal Year 2024 I want to share perspective on P&G’s Citizenship work—why we do it and why it is important. We see success in Citizenship as an opportunity to create competitive advantage that drives shareholder value. P&G’s ability to grow is directly connected to our commitment to responsible business and doing g",1106179,True,
UNH,UNH\UNH_ESG_2022.pdf,2022,2022,90,,2022,"Our Mission in Action 2022 Sustainability Report Introduction Our people and cultureHealthy environment 2 2022 Sustainability Report A modern, high-performing health system Responsible business practices Performance data Introduction A message from our Chief Executive Officer (CEO) A message from our Chief Sustainability Officer (CSO) About UnitedHealth Group Sustainability at UnitedHealth Group 2022 sustainability h",10579880,True,
UNH,UNH\UNH_ESG_2023.pdf,2023,2023,93,,2023,"Our Mission in Action 2023 Sustainability Report Marie Kharifene, a community health worker at Optum, connects patients to the support they need. Introduction A modern, high-performing health system Healthy environment Our people and culture 22023 Sustainability Report Responsible business practices Performance data Marie Kharifene As a community volunteer coordinator at WellMed, Marie visits the homes of patients in",9563767,True,
UNH,UNH\UNH_ESG_2024.pdf,2024,2024,87,2024-sustainability-report,2024,"2024 Sustainability Report Our Mission in Action Contents Introduction 3 Welcome 4 About UnitedHealth Group 5 Sustainability at UnitedHealth Group 7 2024 sustainability highlights Building a modern, high-performing health system 11 Helping people live healthier lives 23 Helping the health system work better for everyone Healthy environment 33 Creating a healthier planet for a healthier society 34 Decarbonizing our op",9648075,True,
WMT,WMT\WMT_ESG_2022.pdf,2022,2022,50,Walmart FY2022 ESG Summary,2022,"Environmental, Social and Governance Summary Report FY2022 Contents INTRODUCTION 3 About our reporting 4 Year at a glance FY2022 6 Leadership letters 8 Our company 10 Our approach to ESG 12 OPPORTUNITY 1 5 Human capital: Good jobs & advancement for associates 16 Equity & inclusion at Walmart and beyond 20 Supplier opportunity 23 SUSTAINABILITY 2 4 Product supply chain sustainability 25 Climate change 27 Waste: Circul",10711338,True,
WMT,WMT\WMT_ESG_2023.pdf,2023,2023,43,FY2023 Walmart ESG Highlights,2023,"Environmental, Social, and Governance Highlights FY2023 FY2023 ESG Highlights Contents ESG REPORTING SOURCES ESG Issue Briefs ESG Reporting Data INTRODUCTION 4 Leadership Letters 6 Awards & Recognition 7 Our Company 8 Our Approach to ESG OPPORTUNITY 11 Opportunity Highlights 12 Human Capital: Good Jobs & Advancement for Associates 13 Human Capital Spotlight 14 Equity & Inclusion at Walmart & Beyond 15 Supplier Opport",4700060,True,
WMT,WMT\WMT_ESG_2024.pdf,2024,2024,132,,,,101968027,True,
WMT,WMT\WMT_ESG_2025.pdf,2025,2025,113,Walmart Inc. FY2025 ESG Report,2025,"Delivering Shared Value FY2025 ESG Report INTRODUCTION OPPORTUNITY SUSTAINABILITY COMMUNITY ETHICS & INTEGRITY APPENDIX Walmart’s Shared Value Priorities Table of Contents Introduction 3 Our Company 4 A Message From Our CSO 5 Our Shared Value Approach 7 About Our Reporting Opportunity 10 Our People 22 Supplier Opportunity Sustainability 26 Climate Resilience, Energy, and Emissions 37 Regeneration of Natural Resources",21725562,True,
XOM,XOM\XOM_ESG_2022.pdf,2022,2022,84,Sustainability Report 2022,2021;2022,ExxonMobil Sustainability Report 1 Sustainability Report Published December 2022 ExxonMobil Sustainability Report 2 Table of contents Introduction .............................................................................................................. 3 Strategic priorities and organization .........................................................................................3 Highlighting 2021 performance .,13937352,True,
XOM,XOM\XOM_ESG_2023.pdf,2023,2023,12,Executive Summary Sustainability Report,2023;2024,"Executive Summary 2023 Sustainability Report Published January 8, 2024 | 2023 Sustainability Report | Executive Summary 2 “I think every piece of this business is exciting. The way that we approach our business, the ethics that we bring, the standards that we hold ourselves to … we do things the right way for the right reasons, and I love that about our company.” – Darren Woods",6903378,True,
XOM,XOM\XOM_ESG_2024.pdf,2024,2024,81,Advancing Climate Solutions Report,2024;2050,"Executive Summary 2024 Advancing Climate Solutions Published January 8, 2024 | 2024 Advancing Climate Solutions | Executive Summary 2 2050 net-zero ambition With advancements in technology and clear and consistent government policies that support needed investments and the development of market-driven mechanisms, we aim to achieve net-zero Scope 1 and 2 greenhouse gas emissions in our operated assets by 2050. ExxonMo",15549568,True,
XOM,XOM\XOM_ESG_2025.pdf,2025,2025,72,Sustainability Report 2025,2025;2050,Our view to 2050 2025 Sustainability Report April 2025 ExxonMobil | 2025 Sustainability Report 1 Contents Executive summary . . . . . . . . . . . . . . . . . . . . . . . . . . . . . . . . . . . . . . . . . . . . . . . . . . . . . . . . . . . 02 Our appr oach to sustainability Integrating sustainability into what we do . . . . . . . . . . . . . . . . . . . . . . . . . . . . . . . . . . . . . . . . 09 Pursuing environm,12535405,True,
